{
    "1": {
      "text": "What is the powerhouse of the cell?",
      "choices": [
        {"option": " 1. Mitochondria", "next": 2, "correct":1},
        {"option": "2. Rough ER", "next": 2, "correct":0},
        {"option": "2. Smooth ER", "next": 2, "correct":0}
      ]
    },
    "2": {
      "text": "What increases blood pressure?",
      "choices": [
        {"option": "1. Decreases in blood vessel size", "next":3, "correct":1},
        {"option": "2. Increases in blood vessel size", "next": 3, "correct":0}
      ]
    },
    "3": {
      "text": "What is a SNP?",
      "choices": [
        {"option": "1. Single nucleotide polymorphism", "next": 4, "correct":1},
        {"option": "2. Small new phone", "next": 4, "correct":0}
      ]
    },
    "4": {
      "text": "To collect some liquid, do you pipet to the first or to the second stop?",
      "choices": [
        {"option": "1. 1st.", "next": 5, "correct":1},
        {"option": "2. 2nd.", "next": 5, "correct":0}
      ]
    },
    "5": {
      "text": "Is organic chemistry difficult",
      "choices": [
        {"option": "1. No", "correct":0},
        {"option": "2. Yes.", "correct":1}
      ]
    }
    
  }